{
    "1002_M.jpg": {
        "FacePlusPlus": {
            "execution_time": 10.526605129241943,
            "face": [
                {
                    "attribute": {
                        "age": {
                            "range": 6,
                            "value": 19
                        },
                        "gender": {
                            "confidence": 99.9996,
                            "value": "Male"
                        },
                        "race": {
                            "confidence": 69.7533,
                            "value": "White"
                        },
                        "smiling": {
                            "value": 75.6628
                        }
                    },
                    "face_id": "a7f66cfd03391e26d95edc41f58cb789",
                    "position": {
                        "center": {
                            "x": 50.0,
                            "y": 46.078431
                        },
                        "eye_left": {
                            "x": 40.381037,
                            "y": 35.609412
                        },
                        "eye_right": {
                            "x": 64.770122,
                            "y": 37.675539
                        },
                        "height": 40.196078,
                        "mouth_left": {
                            "x": 37.903232,
                            "y": 57.057843
                        },
                        "mouth_right": {
                            "x": 60.862561,
                            "y": 59.459804
                        },
                        "nose": {
                            "x": 48.071829,
                            "y": 47.283235
                        },
                        "width": 50.0
                    },
                    "tag": ""
                }
            ],
            "img_height": 204,
            "img_id": "11138da023f167ef3f26480005d2f213",
            "img_width": 164,
            "session_id": "0c7aa1a8a1bf4f6ab5053ca7ad3298b9",
            "status": "success",
            "url": null
        },
        "OpenBR": {
            "execution_time": 0.1853010654449463,
            "face": [
                {
                    "confidence": 1.0,
                    "face": {
                        "Face_bottomRight_X": 163.0,
                        "Face_bottomRight_Y": 203.0,
                        "Face_topLeft_X": 0.0,
                        "Face_topLeft_Y": 0.0
                    },
                    "gender": "Male"
                }
            ],
            "status": "success"
        },
        "OpenCV": {
            "execution_time": 0.11136078834533691,
            "face": [
                {
                    "face": {
                        "Face_bottomRight_X": 134.0,
                        "Face_bottomRight_Y": 134.0,
                        "Face_topLeft_X": 40.0,
                        "Face_topLeft_Y": 40.0
                    },
                    "gender": "female"
                }
            ],
            "status": "success"
        },
        "ReKognition": {
            "execution_time": 2.491502046585083,
            "face_detection": [
                {
                    "age": 26.69,
                    "boundingbox": {
                        "size": {
                            "height": 93.08,
                            "width": 93.08
                        },
                        "tl": {
                            "x": 41.54,
                            "y": 40.77
                        }
                    },
                    "confidence": 0.99,
                    "pose": {
                        "pitch": 4.46,
                        "roll": 5.1,
                        "yaw": -20.32
                    },
                    "sex": 1
                }
            ],
            "ori_img_size": {
                "height": 204,
                "width": 164
            },
            "status": "success",
            "url": "base64",
            "usage": {
                "api_id": "JzBQLsVp1751bk1H",
                "quota": 2225,
                "status": "Succeed."
            }
        }
    }
}