{
    "2102.jpg": {
        "FacePlusPlus": {
            "execution_time": 1.0054478645324707,
            "face": [
                {
                    "attribute": {
                        "age": {
                            "range": 7,
                            "value": 30
                        },
                        "gender": {
                            "confidence": 94.6063,
                            "value": "Male"
                        },
                        "race": {
                            "confidence": 99.543,
                            "value": "White"
                        },
                        "smiling": {
                            "value": 50.9651
                        }
                    },
                    "face_id": "216224a9c91e029dc51c567eea1c98e2",
                    "position": {
                        "center": {
                            "x": 48.076923,
                            "y": 53.846154
                        },
                        "eye_left": {
                            "x": 29.634615,
                            "y": 40.331538
                        },
                        "eye_right": {
                            "x": 66.804808,
                            "y": 35.843654
                        },
                        "height": 76.923077,
                        "mouth_left": {
                            "x": 36.476346,
                            "y": 77.830192
                        },
                        "mouth_right": {
                            "x": 66.382115,
                            "y": 75.245577
                        },
                        "nose": {
                            "x": 49.0025,
                            "y": 60.554615
                        },
                        "width": 76.923077
                    },
                    "tag": ""
                }
            ],
            "img_height": 52,
            "img_id": "cd93b42b4861f8688aa9c70277fa3e3c",
            "img_width": 52,
            "session_id": "ccc6bd19e0c640fdb6c5e0d7043bf6bd",
            "status": "success",
            "url": null
        },
        "OpenBR": {
            "execution_time": 0.12767386436462402,
            "face": [
                {
                    "confidence": 1.0,
                    "gender": "Male",
                    "left_eye": {
                        "X": 14.0,
                        "Y": 17.0
                    },
                    "right_eye": {
                        "X": 34.0,
                        "Y": 15.0
                    }
                }
            ],
            "status": "success"
        },
        "ReKognition": {
            "execution_time": 0.7937350273132324,
            "face_detection": [
                {
                    "age": 32.66,
                    "boundingbox": {
                        "size": {
                            "height": 44.62,
                            "width": 44.62
                        },
                        "tl": {
                            "x": 2.31,
                            "y": 2.31
                        }
                    },
                    "confidence": 0.98,
                    "pose": {
                        "pitch": -9.15,
                        "roll": -7.52,
                        "yaw": 2.41
                    },
                    "sex": 0.99
                }
            ],
            "ori_img_size": {
                "height": 52,
                "width": 52
            },
            "status": "success",
            "url": "base64",
            "usage": {
                "api_id": "4HxkCzeWAtPyrsyt",
                "quota": 3220,
                "status": "Succeed."
            }
        }
    },
    "2129.jpg": {
        "FacePlusPlus": {
            "execution_time": 1.5799031257629395,
            "face": [],
            "img_height": 52,
            "img_id": "4334ef322d38d8354c97669e076a2315",
            "img_width": 52,
            "session_id": "b9dc3b468b9a46d09d5957e76ce57bc7",
            "status": "no detection",
            "url": null
        },
        "OpenBR": {
            "execution_time": 0.18720102310180664,
            "face": [
                {
                    "confidence": 1.0,
                    "gender": "Male",
                    "left_eye": {
                        "X": 15.0,
                        "Y": 20.0
                    },
                    "right_eye": {
                        "X": 34.0,
                        "Y": 16.0
                    }
                }
            ],
            "status": "success"
        },
        "ReKognition": {
            "execution_time": 0.8552701473236084,
            "face_detection": [
                {
                    "age": 52.03,
                    "boundingbox": {
                        "size": {
                            "height": 43.85,
                            "width": 43.85
                        },
                        "tl": {
                            "x": 3.85,
                            "y": 3.85
                        }
                    },
                    "confidence": 1,
                    "pose": {
                        "pitch": 4.94,
                        "roll": -0.43,
                        "yaw": -9.33
                    },
                    "sex": 0.93
                }
            ],
            "ori_img_size": {
                "height": 52,
                "width": 52
            },
            "status": "success",
            "url": "base64",
            "usage": {
                "api_id": "4HxkCzeWAtPyrsyt",
                "quota": 3222,
                "status": "Succeed."
            }
        }
    }
}